{
  "baseline": {
    "8": {
      "success_rate": 1.0,
      "std_success": 0.0,
      "avg_steps": 12.646666666666667,
      "std_steps": 0.094280904158206,
      "avg_reward": 2.870199999999999,
      "std_reward": 0.005656854249492595
    },
    "10": {
      "success_rate": 0.64,
      "std_success": 0.2515286597321798,
      "avg_steps": 30.51,
      "std_steps": 7.731713910899703,
      "avg_reward": 0.9935666666666663,
      "std_reward": 1.1851462197645584
    },
    "12": {
      "success_rate": 0.18333333333333335,
      "std_success": 0.19669491322575908,
      "avg_steps": 55.98666666666667,
      "std_steps": 5.201444243882868,
      "avg_reward": -1.9590333333333347,
      "std_reward": 1.0225002211355374
    },
    "15": {
      "success_rate": 0.013333333333333334,
      "std_success": 0.009428090415820633,
      "avg_steps": 74.60333333333334,
      "std_steps": 0.3445125380721144,
      "avg_reward": -3.612533333333335,
      "std_reward": 0.39825235160078487
    },
    "20": {
      "success_rate": 0.023333333333333334,
      "std_success": 0.032998316455372226,
      "avg_steps": 98.49666666666667,
      "std_steps": 2.1260343887675552,
      "avg_reward": -5.023299999999996,
      "std_reward": 0.6373755407920806
    }
  },
  "sinus": {
    "8": {
      "success_rate": 1.0,
      "std_success": 0.0,
      "avg_steps": 12.58,
      "std_steps": 0.0,
      "avg_reward": 2.8741999999999996,
      "std_reward": 4.440892098500626e-16
    },
    "10": {
      "success_rate": 0.39999999999999997,
      "std_success": 0.40554490092549145,
      "avg_steps": 38.47666666666667,
      "std_steps": 10.624425736114976,
      "avg_reward": -0.21026666666666763,
      "std_reward": 1.7957762691629742
    },
    "12": {
      "success_rate": 0.016666666666666666,
      "std_success": 0.012472191289246471,
      "avg_steps": 59.73333333333333,
      "std_steps": 0.26612444874949526,
      "avg_reward": -2.739166666666668,
      "std_reward": 0.10666012479939374
    },
    "15": {
      "success_rate": 0.0,
      "std_success": 0.0,
      "avg_steps": 75.0,
      "std_steps": 0.0,
      "avg_reward": -3.9163333333333354,
      "std_reward": 0.20408671904092274
    },
    "20": {
      "success_rate": 0.0,
      "std_success": 0.0,
      "avg_steps": 100.0,
      "std_steps": 0.0,
      "avg_reward": -5.2566666666666615,
      "std_reward": 0.23658449277630664
    }
  },
  "rope": {
    "8": {
      "success_rate": 1.0,
      "std_success": 0.0,
      "avg_steps": 13.12,
      "std_steps": 0.0,
      "avg_reward": 2.8417999999999988,
      "std_reward": 0.0
    },
    "10": {
      "success_rate": 0.86,
      "std_success": 0.12083045973594574,
      "avg_steps": 22.263333333333335,
      "std_steps": 3.628979042222329,
      "avg_reward": 2.1805333333333334,
      "std_reward": 0.5411762333616986
    },
    "12": {
      "success_rate": 0.43333333333333335,
      "std_success": 0.1806162291219209,
      "avg_steps": 49.06333333333333,
      "std_steps": 6.843636135531721,
      "avg_reward": -0.19680000000000017,
      "std_reward": 1.1240288460118213
    },
    "15": {
      "success_rate": 0.1366666666666667,
      "std_success": 0.12918548250050735,
      "avg_steps": 69.99333333333334,
      "std_steps": 4.985982573397368,
      "avg_reward": -2.256433333333335,
      "std_reward": 0.6189626285613342
    },
    "20": {
      "success_rate": 0.05333333333333334,
      "std_success": 0.05557777333511022,
      "avg_steps": 98.65666666666668,
      "std_steps": 1.2289381143446105,
      "avg_reward": -4.022399999999999,
      "std_reward": 0.4147452310354702
    }
  }
}