{
  "8": {
    "lengths": [
      16,
      18,
      12,
      16,
      10,
      18,
      10,
      10,
      16,
      10,
      10,
      12,
      10,
      12,
      18,
      14,
      10,
      14,
      14,
      16,
      10,
      16,
      10,
      12,
      16,
      18,
      10,
      14,
      10,
      10,
      10,
      10,
      16,
      10,
      18,
      18,
      10,
      10,
      12,
      10,
      14,
      10,
      18,
      10,
      10,
      16,
      14,
      10,
      20,
      18,
      14,
      18,
      10,
      14,
      10,
      12,
      14,
      12,
      14,
      14,
      12,
      10,
      12,
      10,
      10,
      12,
      10,
      12,
      10,
      20,
      10,
      14,
      16,
      10,
      10,
      10,
      10,
      10,
      12,
      10,
      10,
      10,
      10,
      10,
      12,
      10,
      12,
      14,
      14,
      10,
      12,
      10,
      16,
      16,
      20,
      12,
      10,
      10,
      10,
      12
    ],
    "mean": 12.58,
    "std": 2.9972654203456854,
    "min": 10,
    "max": 20,
    "median": 12.0,
    "n_mazes": 100
  },
  "10": {
    "lengths": [
      20,
      22,
      14,
      16,
      14,
      20,
      22,
      14,
      22,
      14,
      16,
      16,
      14,
      14,
      14,
      14,
      16,
      14,
      14,
      14,
      22,
      18,
      18,
      22,
      14,
      14,
      18,
      14,
      14,
      14,
      14,
      16,
      14,
      14,
      18,
      18,
      14,
      18,
      14,
      18,
      16,
      14,
      26,
      14,
      18,
      24,
      20,
      18,
      14,
      14,
      14,
      16,
      14,
      14,
      16,
      14,
      14,
      14,
      14,
      14,
      14,
      14,
      14,
      14,
      24,
      14,
      16,
      14,
      16,
      14,
      20,
      24,
      14,
      18,
      16,
      22,
      14,
      18,
      14,
      16,
      14,
      14,
      14,
      14,
      20,
      14,
      20,
      18,
      14,
      24,
      14,
      20,
      14,
      20,
      14,
      16,
      14,
      14,
      14,
      20
    ],
    "mean": 16.28,
    "std": 3.1243559336285616,
    "min": 14,
    "max": 26,
    "median": 14.0,
    "n_mazes": 100
  },
  "12": {
    "lengths": [
      24,
      28,
      30,
      18,
      18,
      18,
      18,
      28,
      30,
      22,
      22,
      22,
      18,
      18,
      28,
      18,
      24,
      18,
      18,
      28,
      30,
      28,
      22,
      18,
      22,
      18,
      32,
      18,
      20,
      20,
      18,
      18,
      18,
      18,
      18,
      28,
      18,
      34,
      18,
      18,
      18,
      20,
      22,
      18,
      30,
      28,
      18,
      22,
      18,
      18,
      18,
      18,
      18,
      18,
      18,
      30,
      18,
      28,
      18,
      18,
      32,
      34,
      22,
      24,
      22,
      26,
      22,
      18,
      30,
      18,
      18,
      36,
      22,
      22,
      18,
      18,
      22,
      18,
      18,
      18,
      18,
      18,
      28,
      24,
      18,
      18,
      30,
      22,
      18,
      18,
      18,
      26,
      18,
      18,
      22,
      18,
      28,
      36,
      22,
      30
    ],
    "mean": 22.02,
    "std": 5.126363233326332,
    "min": 18,
    "max": 36,
    "median": 18.0,
    "n_mazes": 100
  },
  "15": {
    "lengths": [
      30,
      24,
      24,
      30,
      36,
      34,
      24,
      40,
      36,
      28,
      38,
      40,
      24,
      32,
      38,
      26,
      30,
      24,
      28,
      36,
      42,
      34,
      36,
      24,
      36,
      30,
      24,
      30,
      24,
      36,
      24,
      24,
      24,
      32,
      24,
      40,
      24,
      24,
      24,
      24,
      24,
      30,
      36,
      24,
      34,
      30,
      24,
      42,
      28,
      24,
      30,
      24,
      24,
      24,
      28,
      42,
      24,
      28,
      24,
      24,
      24,
      24,
      26,
      30,
      24,
      34,
      24,
      38,
      24,
      24,
      36,
      32,
      32,
      40,
      24,
      24,
      26,
      24,
      24,
      24,
      24,
      42,
      26,
      24,
      32,
      40,
      30,
      24,
      36,
      40,
      24,
      40,
      24,
      24,
      34,
      28,
      24,
      32,
      24,
      30
    ],
    "mean": 29.3,
    "std": 5.962382074305538,
    "min": 24,
    "max": 42,
    "median": 28.0,
    "n_mazes": 100
  },
  "20": {
    "lengths": [
      62,
      34,
      34,
      34,
      44,
      36,
      34,
      34,
      52,
      34,
      48,
      62,
      48,
      34,
      34,
      34,
      34,
      34,
      40,
      52,
      36,
      34,
      34,
      34,
      38,
      50,
      34,
      34,
      38,
      34,
      44,
      34,
      50,
      38,
      38,
      48,
      54,
      54,
      36,
      54,
      34,
      34,
      34,
      50,
      38,
      34,
      46,
      34,
      34,
      34,
      44,
      34,
      54,
      42,
      56,
      34,
      34,
      48,
      34,
      34,
      34,
      58,
      40,
      34,
      34,
      56,
      62,
      34,
      34,
      34,
      54,
      52,
      34,
      34,
      62,
      44,
      42,
      34,
      40,
      40,
      58,
      34,
      34,
      64,
      36,
      34,
      42,
      34,
      58,
      34,
      34,
      68,
      34,
      34,
      34,
      34,
      34,
      34,
      62,
      50
    ],
    "mean": 41.22,
    "std": 9.599562490030468,
    "min": 34,
    "max": 68,
    "median": 34.0,
    "n_mazes": 100
  }
}