{
  "sinus": {
    "1.0": {
      "8": {
        "success_rate": 1.0,
        "std_success": 0.0,
        "avg_steps": 11.800000000000002,
        "std_steps": 1.7763568394002505e-15,
        "avg_reward": 2.8819999999999992,
        "std_reward": 4.440892098500626e-16,
        "context_multiplier": 1.0,
        "effective_context": 30
      },
      "10": {
        "success_rate": 0.42,
        "std_success": 0.4152910625894406,
        "avg_steps": 38.06,
        "std_steps": 10.578036994956422,
        "avg_reward": -0.0757666666666675,
        "std_reward": 1.7679281213392768,
        "context_multiplier": 1.0,
        "effective_context": 30
      },
      "12": {
        "success_rate": 0.016666666666666666,
        "std_success": 0.012472191289246471,
        "avg_steps": 59.620000000000005,
        "std_steps": 0.39824615503479727,
        "avg_reward": -2.767200000000001,
        "std_reward": 0.10082423650425834,
        "context_multiplier": 1.0,
        "effective_context": 30
      },
      "15": {
        "success_rate": 0.0,
        "std_success": 0.0,
        "avg_steps": 75.0,
        "std_steps": 0.0,
        "avg_reward": -3.9055000000000017,
        "std_reward": 0.2174411797858586,
        "context_multiplier": 1.0,
        "effective_context": 30
      },
      "20": {
        "success_rate": 0.0,
        "std_success": 0.0,
        "avg_steps": 100.0,
        "std_steps": 0.0,
        "avg_reward": -5.236333333333328,
        "std_reward": 0.2476022796520437,
        "context_multiplier": 1.0,
        "effective_context": 30
      }
    },
    "1.5": {
      "8": {
        "success_rate": 1.0,
        "std_success": 0.0,
        "avg_steps": 11.800000000000002,
        "std_steps": 1.7763568394002505e-15,
        "avg_reward": 2.8819999999999992,
        "std_reward": 4.440892098500626e-16,
        "context_multiplier": 1.5,
        "effective_context": 45
      },
      "10": {
        "success_rate": 0.42,
        "std_success": 0.4152910625894406,
        "avg_steps": 38.06,
        "std_steps": 10.578036994956422,
        "avg_reward": -0.04893333333333416,
        "std_reward": 1.749539761067338,
        "context_multiplier": 1.5,
        "effective_context": 45
      },
      "12": {
        "success_rate": 0.08,
        "std_success": 0.09273618495495704,
        "avg_steps": 58.803333333333335,
        "std_steps": 1.1021897396647362,
        "avg_reward": -2.507866666666668,
        "std_reward": 0.342078571221421,
        "context_multiplier": 1.5,
        "effective_context": 45
      },
      "15": {
        "success_rate": 0.0,
        "std_success": 0.0,
        "avg_steps": 75.0,
        "std_steps": 0.0,
        "avg_reward": -3.808500000000002,
        "std_reward": 0.11186226650066834,
        "context_multiplier": 1.5,
        "effective_context": 45
      },
      "20": {
        "success_rate": 0.0,
        "std_success": 0.0,
        "avg_steps": 100.0,
        "std_steps": 0.0,
        "avg_reward": -5.235333333333329,
        "std_reward": 0.24842213177483888,
        "context_multiplier": 1.5,
        "effective_context": 45
      }
    },
    "2.0": {
      "8": {
        "success_rate": 1.0,
        "std_success": 0.0,
        "avg_steps": 11.800000000000002,
        "std_steps": 1.7763568394002505e-15,
        "avg_reward": 2.8819999999999992,
        "std_reward": 4.440892098500626e-16,
        "context_multiplier": 2.0,
        "effective_context": 60
      },
      "10": {
        "success_rate": 0.42,
        "std_success": 0.4152910625894406,
        "avg_steps": 38.06,
        "std_steps": 10.578036994956422,
        "avg_reward": -0.04826666666666749,
        "std_reward": 1.7491762372296542,
        "context_multiplier": 2.0,
        "effective_context": 60
      },
      "12": {
        "success_rate": 0.06,
        "std_success": 0.0648074069840786,
        "avg_steps": 58.86333333333334,
        "std_steps": 1.0229478101165375,
        "avg_reward": -2.554133333333335,
        "std_reward": 0.27994030712913676,
        "context_multiplier": 2.0,
        "effective_context": 60
      },
      "15": {
        "success_rate": 0.0,
        "std_success": 0.0,
        "avg_steps": 75.0,
        "std_steps": 0.0,
        "avg_reward": -3.830666666666669,
        "std_reward": 0.1398119769150295,
        "context_multiplier": 2.0,
        "effective_context": 60
      },
      "20": {
        "success_rate": 0.0,
        "std_success": 0.0,
        "avg_steps": 100.0,
        "std_steps": 0.0,
        "avg_reward": -5.235333333333329,
        "std_reward": 0.24842213177483888,
        "context_multiplier": 2.0,
        "effective_context": 60
      }
    },
    "3.0": {
      "8": {
        "success_rate": 1.0,
        "std_success": 0.0,
        "avg_steps": 11.800000000000002,
        "std_steps": 1.7763568394002505e-15,
        "avg_reward": 2.8819999999999992,
        "std_reward": 4.440892098500626e-16,
        "context_multiplier": 3.0,
        "effective_context": 90
      },
      "10": {
        "success_rate": 0.42,
        "std_success": 0.4152910625894406,
        "avg_steps": 38.06,
        "std_steps": 10.578036994956422,
        "avg_reward": -0.04826666666666749,
        "std_reward": 1.7491762372296542,
        "context_multiplier": 3.0,
        "effective_context": 90
      },
      "12": {
        "success_rate": 0.06,
        "std_success": 0.0648074069840786,
        "avg_steps": 58.86333333333334,
        "std_steps": 1.0229478101165375,
        "avg_reward": -2.554133333333335,
        "std_reward": 0.27994030712913676,
        "context_multiplier": 3.0,
        "effective_context": 90
      },
      "15": {
        "success_rate": 0.006666666666666667,
        "std_success": 0.009428090415820633,
        "avg_steps": 74.99,
        "std_steps": 0.014142135623731487,
        "avg_reward": -3.7854000000000014,
        "std_reward": 0.1951939719014566,
        "context_multiplier": 3.0,
        "effective_context": 90
      },
      "20": {
        "success_rate": 0.0,
        "std_success": 0.0,
        "avg_steps": 100.0,
        "std_steps": 0.0,
        "avg_reward": -5.198333333333328,
        "std_reward": 0.28208548743638284,
        "context_multiplier": 3.0,
        "effective_context": 90
      }
    }
  },
  "rope": {
    "1.0": {
      "8": {
        "success_rate": 1.0,
        "std_success": 0.0,
        "avg_steps": 12.25,
        "std_steps": 0.0,
        "avg_reward": 2.8549999999999986,
        "std_reward": 0.0,
        "context_multiplier": 1.0,
        "effective_context": 30
      },
      "10": {
        "success_rate": 0.8533333333333334,
        "std_success": 0.12364824660660936,
        "avg_steps": 21.923333333333332,
        "std_steps": 3.581027164872609,
        "avg_reward": 2.2157666666666667,
        "std_reward": 0.46346849107811244,
        "context_multiplier": 1.0,
        "effective_context": 30
      },
      "12": {
        "success_rate": 0.45,
        "std_success": 0.20314198646923456,
        "avg_steps": 47.74666666666667,
        "std_steps": 6.797206942724506,
        "avg_reward": -0.09696666666666702,
        "std_reward": 1.1570424087109148,
        "context_multiplier": 1.0,
        "effective_context": 30
      },
      "15": {
        "success_rate": 0.14333333333333334,
        "std_success": 0.16213848676020412,
        "avg_steps": 69.57333333333334,
        "std_steps": 6.2744419849276,
        "avg_reward": -2.2372333333333345,
        "std_reward": 0.811694254151292,
        "context_multiplier": 1.0,
        "effective_context": 30
      },
      "20": {
        "success_rate": 0.056666666666666664,
        "std_success": 0.044969125210773474,
        "avg_steps": 98.16333333333334,
        "std_steps": 1.4076536821565493,
        "avg_reward": -3.9659666666666653,
        "std_reward": 0.3795896234385518,
        "context_multiplier": 1.0,
        "effective_context": 30
      }
    },