{
  "config": {
    "grid_sizes": [
      8,
      10,
      12,
      15,
      20
    ],
    "context_multipliers": [
      1.0,
      1.5,
      2.0,
      3.0
    ],
    "base_context_len": 30,
    "n_episodes": 100,
    "seed": 42
  },
  "summary": {
    "sinus_mean": 29.516666666666662,
    "sinus_std": 38.58143983834715,
    "rope_mean": 50.13333333333333,
    "rope_std": 37.58921240048652,
    "overall_gap": 20.61666666666667
  },
  "by_multiplier": {
    "1.0": {
      "effective_context": 30,
      "sinus_avg": 28.73333333333333,
      "rope_avg": 50.06666666666667,
      "gap": 21.33333333333334,
      "sinus_scores": [
        100.0,
        42.0,
        1.6666666666666667,
        0.0,
        0.0
      ],
      "rope_scores": [
        100.0,
        85.33333333333334,
        45.0,
        14.333333333333334,
        5.666666666666666
      ]
    },
    "1.5": {
      "effective_context": 45,
      "sinus_avg": 30.0,
      "rope_avg": 50.199999999999996,
      "gap": 20.199999999999996,
      "sinus_scores": [
        100.0,
        42.0,
        8.0,
        0.0,
        0.0
      ],
      "rope_scores": [
        100.0,
        85.66666666666666,
        45.66666666666667,
        13.999999999999998,
        5.666666666666666
      ]
    },
    "2.0": {
      "effective_context": 60,
      "sinus_avg": 29.6,
      "rope_avg": 50.13333333333333,
      "gap": 20.53333333333333,
      "sinus_scores": [
        100.0,
        42.0,
        6.0,
        0.0,
        0.0
      ],
      "rope_scores": [
        100.0,
        85.66666666666666,
        46.0,
        13.333333333333334,
        5.666666666666666
      ]
    },
    "3.0": {
      "effective_context": 90,
      "sinus_avg": 29.73333333333333,
      "rope_avg": 50.13333333333333,
      "gap": 20.400000000000002,
      "sinus_scores": [
        100.0,
        42.0,
        6.0,
        0.6666666666666667,
        0.0
      ],
      "rope_scores": [
        100.0,
        85.66666666666666,
        46.0,
        13.333333333333334,
        5.666666666666666
      ]
    }
  },
  "by_grid_size": {
    "8": {
      "sinus_avg": 100.0,
      "rope_avg": 100.0,
      "gap": 0.0,
      "best_multiplier": 1.0,
      "best_score": 100.0,
      "sinus_scores": [
        100.0,
        100.0,
        100.0,
        100.0
      ],
      "rope_scores": [
        100.0,
        100.0,
        100.0,
        100.0
      ]
    },
    "10": {
      "sinus_avg": 42.0,
      "rope_avg": 85.58333333333331,
      "gap": 43.583333333333314,
      "best_multiplier": 1.5,
      "best_score": 85.66666666666666,
      "sinus_scores": [
        42.0,
        42.0,
        42.0,
        42.0
      ],
      "rope_scores": [
        85.33333333333334,
        85.66666666666666,
        85.66666666666666,
        85.66666666666666
      ]
    },
    "12": {
      "sinus_avg": 5.416666666666666,
      "rope_avg": 45.66666666666667,
      "gap": 40.25000000000001,
      "best_multiplier": 2.0,
      "best_score": 46.0,
      "sinus_scores": [
        1.6666666666666667,
        8.0,
        6.0,
        6.0
      ],
      "rope_scores": [
        45.0,
        45.66666666666667,
        46.0,
        46.0
      ]
    },
    "15": {
      "sinus_avg": 0.16666666666666669,
      "rope_avg": 13.75,
      "gap": 13.583333333333334,
      "best_multiplier": 1.0,
      "best_score": 14.333333333333334,
      "sinus_scores": [
        0.0,
        0.0,
        0.0,
        0.6666666666666667
      ],
      "rope_scores": [
        14.333333333333334,
        13.999999999999998,
        13.333333333333334,
        13.333333333333334
      ]
    },
    "20": {
      "sinus_avg": 0.0,
      "rope_avg": 5.666666666666666,
      "gap": 5.666666666666666,
      "best_multiplier": 1.0,
      "best_score": 5.666666666666666,
      "sinus_scores": [
        0.0,
        0.0,
        0.0,
        0.0
      ],
      "rope_scores": [
        5.666666666666666,
        5.666666666666666,
        5.666666666666666,
        5.666666666666666
      ]
    }
  }
}